Year,Tax,mileage,config_type,car_brand,price
1995.00,732.00,246508.00,2,9,28500
2004.00,420.00,242483.00,2,8,45640
2000.00,242.00,244068.00,1,7,19994
2021.00,1065.00,77178.00,2,8,287830
1995.00,530.00,131153.00,1,2,36086
2005.00,1232.00,163772.00,0,7,24706
2021.00,587.00,100708.00,2,9,11730
1997.00,1113.00,20099.00,1,4,39418
2009.00,719.00,177696.00,1,5,48313
2005.00,1027.00,115229.00,0,8,41039
1997.00,1455.00,146913.00,2,9,25722
2020.00,866.00,201986.00,1,7,39204
2006.00,515.00,11914.00,0,3,32893
2012.00,906.00,234947.00,2,7,32327
2007.00,1034.00,57614.00,2,9,61325
2009.00,259.00,34659.00,0,3,42298
2004.00,642.00,192074.00,0,4,27941
2004.00,569.00,75414.00,2,2,42712
2021.00,648.00,211599.00,2,7,35135
2011.00,1274.00,297205.00,2,0,27753
2014.00,404.00,183592.00,1,0,35180
2016.00,820.00,44825.00,0,2,44418
2011.00,1091.00,159085.00,2,1,47736
2001.00,643.00,128158.00,0,2,25124
2000.00,614.00,113573.00,2,9,26589
2007.00,742.00,287049.00,2,6,12822
2022.00,284.00,70754.00,0,0,44605
1998.00,1433.00,156560.00,0,1,48347
2002.00,612.00,221452.00,0,8,43348
2007.00,443.00,219637.00,2,3,25404
2001.00,1020.00,127744.00,0,3,16309
2017.00,625.00,213070.00,1,5,20199
2017.00,731.00,177453.00,0,4,37411
1999.00,318.00,205298.00,0,8,41871
1999.00,182.00,34090.00,2,6,29080
2011.00,699.00,59824.00,1,3,24016
2004.00,813.00,59848.00,1,7,46241
2005.00,968.00,164514.00,0,9,12818
2012.00,261.00,86528.00,1,4,13959
2021.00,423.00,182100.00,2,2,11672
1996.00,347.00,209199.00,0,9,22076
2012.00,936.00,283717.00,1,5,11995
2014.00,1086.00,65697.00,2,0,29527
2003.00,1339.00,210057.00,2,2,47296
2005.00,511.00,151425.00,1,2,30791
2014.00,1115.00,291034.00,2,1,49423
2021.00,412.00,110199.00,1,1,33411
1999.00,433.00,88392.00,1,0,33360
2001.00,1191.00,14434.00,0,4,16728
2008.00,364.00,51220.00,0,9,19410
2017.00,398.00,91854.00,1,2,46211
2003.00,799.00,146325.00,1,8,14467
2022.00,1343.00,77167.00,2,8,104880
2007.00,396.00,170902.00,1,3,43730
2012.00,1260.00,15416.00,2,0,43251
2021.00,653.00,202801.00,0,9,36477
2012.00,315.00,296454.00,0,1,47465
2019.00,1030.00,172563.00,1,8,37543
2022.00,770.00,75393.00,2,4,25403
2008.00,606.00,55126.00,1,0,26328
2004.00,519.00,61791.00,0,0,36271
2005.00,1089.00,87466.00,1,3,41096
2020.00,163.00,289323.00,0,4,11180
2018.00,186.00,150784.00,1,5,41995
2015.00,261.00,251616.00,2,9,44720
1998.00,314.00,167952.00,0,4,13148
1999.00,1149.00,214058.00,0,3,46849
1998.00,231.00,223257.00,2,9,26998
2014.00,1397.00,100176.00,0,5,37098
2001.00,717.00,275494.00,2,8,32762
1995.00,936.00,34152.00,0,0,49376
2001.00,1031.00,94513.00,0,8,30856
1999.00,636.00,130296.00,1,0,21247
2012.00,306.00,24822.00,1,1,34671
2013.00,353.00,131188.00,0,6,29854
2004.00,1317.00,56138.00,1,4,27007
1999.00,1099.00,252074.00,2,4,14613
2011.00,1014.00,43404.00,1,2,23086
2019.00,1112.00,137129.00,1,1,16371
2021.00,1176.00,242029.00,2,6,19087
2000.00,980.00,138010.00,2,1,37140
2000.00,1212.00,256159.00,0,1,30969
1997.00,818.00,185107.00,0,1,11821
2005.00,575.00,33503.00,2,4,14482
1995.00,718.00,173837.00,2,1,14962
2013.00,394.00,186662.00,1,6,23715
2016.00,1171.00,119443.00,0,6,16237
1998.00,1426.00,129239.00,0,3,40310
2016.00,568.00,91567.00,1,6,32250
2007.00,1408.00,93200.00,1,1,42145
2010.00,448.00,228010.00,2,0,31877
1997.00,1044.00,6101.00,2,9,39700
2010.00,707.00,247813.00,0,8,31358
2010.00,542.00,80116.00,0,4,41102
2002.00,568.00,153255.00,0,5,11824
2021.00,1355.00,160680.00,1,6,26129
2007.00,1119.00,133350.00,1,2,33880
1997.00,388.00,151930.00,2,6,35233
2018.00,1348.00,88708.00,0,7,46261
2009.00,606.00,65480.00,2,7,33219
2006.00,924.00,118751.00,2,7,71043
1997.00,526.00,144431.00,2,4,17112
2010.00,1003.00,3512.00,2,7,62582
2015.00,720.00,257565.00,2,8,40985
2009.00,847.00,244569.00,2,4,22746
2018.00,1352.00,29159.00,1,2,47541
1996.00,1428.00,275189.00,2,0,34858
2020.00,154.00,267024.00,2,2,13183
2009.00,1427.00,11115.00,1,7,39275
2014.00,603.00,97433.00,0,4,41629
2007.00,487.00,133806.00,2,3,41239
2011.00,1417.00,256614.00,2,6,16147
2009.00,523.00,91654.00,2,2,21929
2020.00,933.00,197560.00,0,6,10182
2005.00,805.00,3171.00,2,6,29706
2011.00,560.00,244768.00,2,9,12878
2020.00,219.00,278468.00,2,8,10889
2003.00,767.00,269120.00,2,1,21205
1997.00,433.00,26582.00,0,2,45636
2012.00,657.00,167423.00,2,8,15956
2010.00,1012.00,228344.00,1,8,22555
2008.00,1236.00,58543.00,0,9,33285
1996.00,1068.00,280291.00,2,3,15673
2012.00,1377.00,42441.00,2,0,49957
2009.00,1215.00,148038.00,0,8,30938
2019.00,1363.00,206970.00,0,2,48374
2014.00,832.00,1968.00,0,4,35480
2019.00,1092.00,295631.00,1,7,27234
2001.00,292.00,110821.00,2,5,37204
2015.00,296.00,299333.00,0,8,35739
2010.00,377.00,19879.00,1,9,38486
1998.00,976.00,167845.00,0,6,43724
2012.00,357.00,41608.00,1,1,16728
1997.00,581.00,44576.00,1,8,10249
2009.00,495.00,94226.00,2,5,40396
2001.00,418.00,261827.00,2,7,10467
2010.00,823.00,108363.00,0,4,43574
2003.00,518.00,24508.00,1,1,38512
2000.00,1104.00,8904.00,2,7,11655
2014.00,1120.00,50687.00,1,7,47430
2009.00,687.00,173737.00,2,8,47236
2010.00,679.00,212566.00,2,4,14574
1997.00,1407.00,7277.00,1,0,19075
2006.00,1372.00,43334.00,2,9,117495
1999.00,1226.00,44858.00,2,4,17654
2000.00,1064.00,185937.00,1,2,16558
2013.00,597.00,65582.00,2,4,48015
2009.00,1488.00,173373.00,0,0,10058
2006.00,1035.00,154769.00,2,1,13776
2004.00,1047.00,85796.00,2,8,16065
2006.00,260.00,107812.00,0,3,33816
1999.00,1298.00,35034.00,1,6,20912
2022.00,1046.00,7393.00,0,5,39088
1995.00,1234.00,24861.00,0,3,39661
2002.00,191.00,222703.00,0,2,28871
2021.00,1276.00,179918.00,1,5,14581
2001.00,1351.00,34022.00,0,4,13351
1995.00,317.00,79087.00,2,6,41190
2011.00,1188.00,162706.00,2,6,22417
2003.00,624.00,9426.00,0,2,37099
2005.00,292.00,203824.00,1,3,19630
2022.00,1328.00,275713.00,1,0,47422
2000.00,1332.00,21063.00,1,8,41669
2004.00,366.00,56475.00,2,2,27746
2012.00,1015.00,64043.00,2,8,91670
2022.00,391.00,60145.00,1,6,49255
2000.00,735.00,78999.00,1,3,27115
2009.00,1204.00,93722.00,0,1,35452
2008.00,1057.00,63108.00,0,2,48390
2013.00,368.00,122006.00,2,7,11024
2021.00,1319.00,72137.00,1,3,11106
2016.00,1209.00,171666.00,0,8,36748
2006.00,251.00,68309.00,0,1,29765
2004.00,1138.00,81200.00,2,3,27519
2010.00,574.00,9741.00,0,3,30165
2002.00,1267.00,241732.00,0,4,39960
2021.00,881.00,29863.00,0,0,26541
2000.00,491.00,244650.00,2,7,47379
2004.00,1312.00,125553.00,2,7,29259
1998.00,1307.00,36998.00,2,9,30078
2005.00,1234.00,104138.00,2,8,10290
2016.00,1162.00,201165.00,0,9,30989
2007.00,870.00,181268.00,2,6,34640
2011.00,886.00,203823.00,2,3,22601
1999.00,646.00,36565.00,1,5,24876
1996.00,390.00,271461.00,2,2,25944
2009.00,399.00,93625.00,2,8,47112
1996.00,990.00,135896.00,1,4,31519
1999.00,1093.00,298912.00,0,7,38547
2003.00,1002.00,128746.00,2,0,13623
2016.00,1011.00,287885.00,0,1,28629
2021.00,1470.00,106738.00,1,6,27218
2000.00,429.00,122607.00,2,0,18355
2005.00,629.00,29092.00,0,4,19181
2000.00,1252.00,84592.00,1,0,11579
2020.00,656.00,115497.00,2,7,41410
2013.00,1495.00,49232.00,0,6,15326
2019.00,1112.00,126957.00,1,6,24419
2022.00,1486.00,216581.00,0,0,33130
2000.00,1098.00,259060.00,0,4,37317
2021.00,1477.00,92668.00,0,1,31392
2017.00,604.00,142463.00,1,9,43969
1995.00,516.00,186643.00,0,4,16720
2003.00,1269.00,5911.00,2,8,10869
2008.00,295.00,12307.00,1,5,23892
2011.00,884.00,255532.00,1,5,15606
2001.00,1401.00,116202.00,2,6,38924
1996.00,1017.00,32570.00,2,0,31510
2007.00,999.00,223075.00,1,0,31308
2013.00,1473.00,114224.00,0,0,30993
2002.00,241.00,143877.00,0,3,14235
2006.00,164.00,86928.00,0,6,42334
2014.00,290.00,293239.00,0,1,44295
2021.00,902.00,18323.00,2,9,97815
2003.00,921.00,11625.00,2,5,27180
1999.00,413.00,119156.00,1,0,19899
1998.00,344.00,212548.00,0,8,14475
2020.00,1152.00,60828.00,2,0,27172
2005.00,1442.00,244881.00,0,4,39257
2004.00,952.00,83043.00,0,0,23701
1996.00,1078.00,168548.00,0,9,14174
2022.00,567.00,110868.00,2,3,12282
2010.00,436.00,180715.00,0,4,10290
2007.00,443.00,236635.00,0,4,40296
2000.00,1171.00,67203.00,0,7,15702
1995.00,1477.00,41483.00,1,7,32981
2013.00,1428.00,263237.00,1,6,24527
2022.00,412.00,169623.00,1,0,37339
2008.00,1421.00,23151.00,1,0,39608
2005.00,720.00,240022.00,2,6,35891
2019.00,676.00,295894.00,1,5,36612
2003.00,1441.00,200334.00,2,7,23328
2004.00,262.00,296437.00,1,9,37263
2012.00,422.00,60854.00,0,9,14271
2020.00,479.00,200128.00,1,9,34538
1999.00,1456.00,223720.00,1,8,47086
1997.00,1261.00,90556.00,2,1,15088
1999.00,1207.00,54896.00,1,7,32985
2007.00,447.00,261062.00,2,3,38879
2004.00,812.00,34699.00,1,5,11723
2009.00,285.00,45903.00,0,9,30522
1997.00,1294.00,247283.00,2,2,14864
1995.00,443.00,210489.00,2,3,23906
2010.00,254.00,69577.00,1,0,28919
2001.00,1389.00,212596.00,1,4,40497
2002.00,271.00,80662.00,2,1,36548
1997.00,881.00,284385.00,1,5,45616
2014.00,1045.00,63089.00,0,5,18187
2020.00,545.00,232976.00,2,0,49863
1996.00,432.00,123796.00,0,4,31968
2004.00,896.00,1898.00,2,1,47361
2019.00,484.00,43085.00,0,4,11792
2006.00,275.00,40777.00,2,3,49513
2000.00,828.00,217291.00,1,5,47057
1996.00,808.00,246020.00,1,1,43867
2007.00,772.00,200192.00,0,1,19007
1998.00,329.00,42821.00,2,4,25917
2015.00,358.00,232734.00,0,4,25831
2015.00,385.00,191550.00,0,5,38417
2004.00,956.00,226849.00,1,9,46304
2005.00,1087.00,119487.00,2,6,17638
2021.00,812.00,26695.00,2,6,112480
2016.00,1188.00,190851.00,1,1,48929
2010.00,1076.00,267712.00,0,9,45778
1995.00,782.00,187288.00,2,8,19093
1998.00,1084.00,279077.00,2,0,20331
1995.00,552.00,130688.00,0,5,10947
2020.00,627.00,177323.00,2,6,15892
2002.00,1258.00,58123.00,1,2,44002
2018.00,680.00,191588.00,2,5,31757
2022.00,849.00,282756.00,1,9,11606
2006.00,231.00,274898.00,1,4,26575
2000.00,156.00,67012.00,1,0,20302
2021.00,465.00,138370.00,1,0,26973
1999.00,275.00,2112.00,1,4,31943
2005.00,373.00,214176.00,0,7,24489
2020.00,371.00,44989.00,1,0,48403
2007.00,1321.00,198705.00,0,8,30710
2020.00,619.00,230597.00,0,0,26739
2015.00,754.00,163344.00,1,8,48950
2003.00,262.00,107735.00,2,2,44716
2017.00,163.00,215297.00,2,6,15584
2014.00,823.00,77709.00,0,8,38296
2012.00,1469.00,292906.00,1,4,34905
2002.00,1436.00,162789.00,2,7,47954
2010.00,1234.00,260302.00,0,7,27805
2019.00,1285.00,285717.00,0,4,16992
2003.00,1384.00,4057.00,0,8,28940
2009.00,1074.00,117780.00,0,4,22635
2006.00,869.00,51262.00,1,9,30533
2019.00,712.00,184402.00,2,3,24980
2014.00,667.00,113477.00,2,6,36280
2004.00,1328.00,152249.00,0,0,29125
2019.00,1371.00,4491.00,2,5,83348
2009.00,700.00,186335.00,1,9,25249
2014.00,545.00,165766.00,0,8,29651
2003.00,696.00,53738.00,2,0,32961
2013.00,457.00,76215.00,2,6,35384
2010.00,204.00,4906.00,1,3,18734
2003.00,1195.00,158739.00,1,7,34511
2000.00,385.00,36683.00,2,7,39753
2001.00,526.00,235286.00,0,4,49396
2002.00,882.00,60430.00,0,0,13319
2012.00,750.00,230040.00,1,1,49457
2006.00,157.00,118524.00,0,3,19276
2018.00,1274.00,85023.00,1,1,26712
1998.00,405.00,267288.00,0,0,47144
2003.00,366.00,140512.00,1,8,49235
2000.00,949.00,172002.00,1,1,22341
2010.00,609.00,192670.00,2,1,22062
2010.00,549.00,40051.00,1,9,23582
2020.00,993.00,195550.00,0,2,35340
1999.00,925.00,290334.00,0,0,31530
2008.00,734.00,250537.00,1,4,12552
2006.00,600.00,97579.00,1,2,46085
2010.00,257.00,189514.00,1,6,34427
1997.00,1292.00,4412.00,1,1,30594
2003.00,231.00,291663.00,1,7,18011
2020.00,711.00,90068.00,1,9,26839
2007.00,1352.00,99925.00,2,5,54492
2004.00,796.00,221009.00,2,3,41637
2015.00,520.00,242883.00,2,6,29964
1999.00,345.00,158990.00,2,8,33027
2003.00,1151.00,85647.00,0,1,18216
2017.00,1012.00,179753.00,0,4,38369
1999.00,731.00,6305.00,0,3,44976
2019.00,881.00,196372.00,1,1,38472
2012.00,985.00,55105.00,0,9,36938
2003.00,1460.00,151685.00,0,3,44603
2019.00,909.00,81494.00,0,9,45885
2018.00,763.00,180853.00,2,8,48641
2015.00,725.00,287745.00,1,5,27198
1996.00,518.00,67598.00,2,1,30658
2006.00,572.00,256994.00,0,2,44263
2003.00,1489.00,12381.00,0,8,37312
2002.00,475.00,136816.00,0,4,12841
2011.00,807.00,269226.00,0,3,19889
2002.00,318.00,138359.00,1,0,11931
2017.00,492.00,69954.00,0,2,46367
2002.00,566.00,276770.00,1,2,40900
2000.00,328.00,69549.00,0,9,38665
2016.00,983.00,190633.00,2,7,14064
2012.00,1486.00,25795.00,0,9,11083
2003.00,818.00,58565.00,2,6,41498
1999.00,753.00,211605.00,0,8,36193
2016.00,1160.00,201430.00,2,3,18155
1996.00,454.00,186149.00,1,5,46036
2001.00,1440.00,266039.00,1,9,26789
1998.00,1179.00,126825.00,0,9,40891
2013.00,1323.00,268129.00,0,4,35276
2016.00,513.00,208058.00,1,0,13384
2000.00,361.00,101245.00,2,1,31779
1998.00,1048.00,69002.00,1,0,30881
2010.00,944.00,285929.00,1,0,13513
2018.00,776.00,125508.00,2,5,44209
2003.00,646.00,264196.00,1,1,17984
1997.00,672.00,108923.00,0,2,46507
2003.00,461.00,275998.00,1,8,28281
1999.00,1098.00,224952.00,0,7,35678
2005.00,627.00,39140.00,0,1,45285
1997.00,1278.00,299855.00,0,0,11671
2002.00,493.00,285854.00,2,7,28089
2005.00,854.00,173324.00,1,8,34054
2017.00,1379.00,246922.00,2,9,14803
1995.00,814.00,50067.00,2,1,22182
2019.00,1498.00,251502.00,1,9,47235
2004.00,1223.00,185310.00,0,4,29695
2004.00,972.00,248815.00,0,9,14257
2014.00,953.00,220820.00,1,7,33890
1998.00,230.00,112238.00,1,5,26684
2001.00,1387.00,206489.00,1,4,17983
2012.00,1097.00,186919.00,0,5,36015
2008.00,653.00,170589.00,0,9,22469
2000.00,701.00,113948.00,1,6,47480
1999.00,1440.00,232220.00,1,8,44620
2009.00,1014.00,113093.00,2,5,82643
2020.00,1178.00,37386.00,2,6,292244
2010.00,1499.00,272464.00,1,2,12465
2003.00,284.00,35036.00,0,3,36248
1996.00,583.00,27431.00,0,6,24337
2016.00,1172.00,162009.00,0,7,38786
1998.00,1280.00,181788.00,2,7,14852
2000.00,1340.00,143315.00,2,2,39369
2011.00,292.00,141100.00,1,2,29756
2011.00,549.00,43427.00,0,1,38767
1997.00,1357.00,265204.00,1,4,25030
2008.00,976.00,238660.00,2,6,49300
2012.00,1041.00,65054.00,1,5,25789
2016.00,527.00,289525.00,0,9,42801
2012.00,545.00,57107.00,0,9,22613
2001.00,697.00,124131.00,2,0,31606
2008.00,1467.00,147929.00,2,3,113638
2006.00,317.00,112657.00,1,4,14947
2014.00,1318.00,18301.00,0,5,31202
1999.00,249.00,3758.00,0,5,40690
2004.00,1086.00,134152.00,0,9,18435
2016.00,1230.00,211890.00,1,1,46883
2009.00,349.00,229056.00,1,2,13209
1997.00,358.00,293581.00,0,9,37885
2015.00,488.00,18865.00,0,9,44711
2010.00,528.00,221352.00,2,2,31651
2019.00,230.00,283261.00,1,4,25339
2016.00,660.00,175407.00,0,8,32331
2020.00,205.00,235835.00,1,3,22886
2003.00,461.00,168923.00,2,3,25915
2005.00,1201.00,61366.00,0,5,22102
2020.00,1426.00,149705.00,2,9,103938
2013.00,326.00,206232.00,1,3,46679
1999.00,1057.00,186046.00,2,8,35481
2014.00,581.00,125646.00,1,7,15733
1997.00,902.00,79945.00,0,1,44499
1996.00,885.00,35190.00,2,8,12082
2021.00,1328.00,84930.00,2,8,173425
2000.00,785.00,58434.00,2,0,48177
2017.00,545.00,145524.00,2,7,14803
1995.00,1106.00,100735.00,1,9,46402
2022.00,941.00,121794.00,1,3,27044
2014.00,221.00,40278.00,2,8,19399
1996.00,1352.00,77068.00,2,4,13769
1998.00,420.00,128843.00,0,0,43876
2010.00,1249.00,299820.00,1,3,29344
2013.00,431.00,269199.00,1,9,38656
2022.00,278.00,211078.00,0,7,13569
2002.00,1137.00,38045.00,1,8,41134
2007.00,583.00,88822.00,2,6,20649
1999.00,1169.00,220903.00,2,3,18735
1997.00,773.00,90837.00,1,0,19758
2003.00,1121.00,144854.00,2,3,31659
2003.00,559.00,63457.00,2,3,12376
2012.00,1332.00,264112.00,2,0,29930
2017.00,969.00,270258.00,2,7,46035
2005.00,155.00,159897.00,2,6,45517
1998.00,1016.00,161301.00,0,1,14864
2007.00,901.00,138755.00,1,0,16796
2003.00,758.00,245836.00,2,4,23719
1997.00,1239.00,189465.00,0,2,32075
2006.00,968.00,175905.00,0,9,11381
2007.00,1223.00,239177.00,1,6,13400
2001.00,440.00,36674.00,2,6,14903
2001.00,686.00,299911.00,2,9,13010
2022.00,859.00,10442.00,0,7,43176
2000.00,1424.00,72020.00,0,5,26544
2011.00,984.00,256301.00,1,2,42568
2009.00,1194.00,84105.00,0,3,26922
2020.00,1018.00,280315.00,0,0,10207
1997.00,997.00,136522.00,1,1,43650
2020.00,1295.00,72817.00,2,3,69918
2005.00,697.00,28797.00,0,3,24157
1999.00,578.00,175602.00,0,9,31407
2007.00,1265.00,179058.00,1,3,21132
2012.00,983.00,128045.00,1,6,41085
2008.00,839.00,118066.00,1,2,28641
2001.00,210.00,88727.00,1,5,46286
2017.00,1442.00,86333.00,0,8,47491
2006.00,1175.00,93129.00,2,9,95687
2003.00,201.00,80104.00,2,7,22346
1996.00,1410.00,191538.00,0,9,30492
2001.00,760.00,7564.00,2,7,32256
2019.00,1426.00,295919.00,1,1,32437
2017.00,1356.00,175053.00,2,1,11882
1996.00,541.00,71771.00,0,7,15741
2012.00,1247.00,273135.00,0,5,27434
2018.00,1136.00,107269.00,1,3,37209
2019.00,218.00,60531.00,0,3,36923
2015.00,987.00,59340.00,2,6,81854
2015.00,268.00,5450.00,0,3,34213
2002.00,271.00,267692.00,2,8,41686
2007.00,517.00,131167.00,0,7,47274
2017.00,250.00,297863.00,2,4,25164
2006.00,1038.00,126899.00,2,2,32269
2022.00,355.00,244796.00,1,8,11869
2003.00,314.00,99774.00,1,9,44736
1998.00,1196.00,209543.00,0,1,36620
2011.00,1286.00,113828.00,2,7,102496
2006.00,312.00,64910.00,2,6,23616
1997.00,428.00,145704.00,0,4,41760
2010.00,691.00,261489.00,0,9,26493
1998.00,325.00,155945.00,1,0,45638
1997.00,1385.00,200829.00,2,9,39415
2012.00,711.00,279549.00,2,4,17109
2017.00,433.00,286568.00,0,4,23801
2011.00,992.00,8877.00,1,4,38135
2002.00,842.00,6039.00,1,4,16995
2000.00,1079.00,266836.00,0,6,39869
2002.00,1186.00,173733.00,2,7,38959
1998.00,669.00,221181.00,1,8,46975
2013.00,849.00,65976.00,0,5,33327
2017.00,734.00,26703.00,2,4,34332
2010.00,1274.00,258978.00,1,5,30185
2003.00,783.00,46782.00,1,3,27841
1995.00,603.00,198682.00,1,4,31514
2001.00,1434.00,158563.00,2,1,40818
2009.00,329.00,63830.00,1,1,15726
2013.00,294.00,32188.00,1,7,15332
2010.00,1491.00,202922.00,1,3,48805
2018.00,991.00,131056.00,2,1,23311
2018.00,465.00,108081.00,0,7,14864
1996.00,400.00,170256.00,2,9,11145
2001.00,992.00,73239.00,0,3,30951
2005.00,900.00,55797.00,1,6,14168
2021.00,1129.00,271770.00,1,1,18892
2014.00,774.00,166479.00,1,3,14323
2002.00,987.00,254452.00,0,9,17509
2002.00,938.00,225534.00,0,1,45613
2007.00,603.00,156582.00,0,0,23331
2010.00,1433.00,238263.00,1,7,21629
2021.00,738.00,88275.00,0,8,38061
2005.00,1283.00,164984.00,0,7,43058
1999.00,474.00,288810.00,0,3,14625
2018.00,753.00,145522.00,0,8,44585
1997.00,179.00,159771.00,2,8,20252
2011.00,926.00,17317.00,1,9,49205
2011.00,709.00,159936.00,2,6,13461
2016.00,532.00,253228.00,1,7,22267
1997.00,1420.00,163105.00,0,4,19836
2007.00,1162.00,167338.00,2,6,25791
2019.00,342.00,292009.00,1,6,14778
2022.00,1199.00,178169.00,0,1,16082
2019.00,203.00,252082.00,0,8,18017
2011.00,484.00,294607.00,2,0,11653
1998.00,343.00,297297.00,0,4,45168
2016.00,1170.00,50322.00,2,9,215535
2010.00,273.00,261588.00,1,9,25892
2015.00,434.00,180514.00,0,3,40478
1999.00,171.00,186332.00,1,8,24320
2000.00,451.00,259416.00,2,8,34533
2019.00,208.00,153616.00,0,4,16579
2007.00,288.00,124685.00,0,1,43038
2013.00,843.00,69962.00,0,1,26211
2004.00,1452.00,241050.00,0,3,18883
2001.00,746.00,260333.00,1,0,15569
1997.00,572.00,215487.00,1,9,26181
2006.00,154.00,183062.00,1,5,15283
2004.00,857.00,228710.00,1,9,32524
2010.00,774.00,169945.00,2,7,28075
2000.00,771.00,122667.00,0,4,32087
2016.00,204.00,26707.00,2,8,13009
2007.00,727.00,72447.00,0,6,24548
2009.00,1500.00,110633.00,0,3,10827
2021.00,989.00,153136.00,2,8,14183
1998.00,444.00,103540.00,1,2,15022
1996.00,708.00,270793.00,0,1,30240
2006.00,452.00,47302.00,2,4,10514
2016.00,1157.00,131846.00,2,7,96231
2002.00,419.00,126262.00,0,9,36850
2011.00,669.00,253868.00,0,4,46629
2022.00,653.00,30354.00,1,5,16314
1995.00,581.00,196433.00,1,1,29027
2015.00,1453.00,84944.00,1,8,30795
1997.00,156.00,79381.00,2,6,21030
2019.00,1070.00,8724.00,1,3,23129
2010.00,831.00,18043.00,1,1,29194
1998.00,433.00,97789.00,1,5,32118
2017.00,525.00,50756.00,2,4,12967
1998.00,1430.00,151085.00,2,3,29654
2003.00,538.00,287707.00,0,0,22232
2014.00,362.00,220199.00,1,4,21711
2021.00,151.00,96963.00,2,4,17634
2008.00,567.00,89984.00,2,3,32692
2003.00,438.00,136251.00,2,0,44902
2021.00,784.00,204482.00,1,1,33311
2021.00,820.00,281608.00,0,5,42931
2010.00,1452.00,47571.00,1,3,17785
2002.00,1479.00,208852.00,2,2,10389
2011.00,828.00,108513.00,2,5,64221
2010.00,362.00,151619.00,2,9,14453
2019.00,323.00,114440.00,0,3,39234
2002.00,488.00,135496.00,2,8,21382
2020.00,413.00,217364.00,2,3,43834
1997.00,814.00,217685.00,2,5,45846
2001.00,1348.00,91309.00,0,4,29610
2020.00,245.00,126783.00,1,4,47434
2002.00,594.00,54312.00,0,5,19498
2012.00,1214.00,194980.00,0,9,46711
1999.00,894.00,195678.00,2,3,32821
2016.00,838.00,75346.00,2,2,49210
2006.00,1450.00,77315.00,2,5,97233
2004.00,1474.00,201877.00,1,8,31949
2022.00,1134.00,49197.00,2,4,112802
2005.00,233.00,255587.00,0,1,41988
2006.00,1300.00,262542.00,2,3,16058
2011.00,707.00,199709.00,0,4,38365
2000.00,1428.00,100752.00,0,7,19714
1996.00,1077.00,275200.00,0,0,20362
1997.00,205.00,97448.00,2,1,44045
2002.00,582.00,290444.00,1,0,32551
2021.00,1003.00,234571.00,2,5,45320
2019.00,1085.00,145384.00,2,0,16011
2005.00,715.00,230642.00,2,2,24769
2014.00,223.00,296586.00,2,1,17269
2012.00,1391.00,220669.00,2,5,23678
1997.00,498.00,29072.00,0,2,14250
2011.00,236.00,241826.00,2,7,11185
2018.00,905.00,249173.00,0,9,25125
2021.00,896.00,187896.00,1,5,42208
2017.00,609.00,246950.00,1,7,44128
1997.00,1036.00,127445.00,0,3,28983
2000.00,930.00,196995.00,0,4,22758
2006.00,758.00,72157.00,2,4,24479
2008.00,340.00,232963.00,2,8,34262
2002.00,460.00,200344.00,0,4,39387
2016.00,1214.00,92676.00,2,1,42990
2021.00,1490.00,118049.00,0,2,25013
2012.00,582.00,258527.00,0,1,22047
2018.00,1428.00,136322.00,1,2,35945
1999.00,872.00,27217.00,0,4,46587
2019.00,1270.00,18272.00,0,9,27884
1998.00,1478.00,162326.00,1,9,26863
1999.00,816.00,220312.00,1,9,38753
2010.00,415.00,99119.00,1,2,25467
1998.00,1127.00,47204.00,0,7,44147
2011.00,989.00,68206.00,0,0,38403
2017.00,1090.00,269633.00,1,1,42256
2017.00,897.00,234269.00,0,7,16089
2012.00,401.00,185229.00,0,0,32293
2018.00,1032.00,52933.00,2,4,62172
2002.00,346.00,74430.00,1,8,39143
2013.00,1443.00,22047.00,0,6,12194
2015.00,1406.00,247261.00,0,6,40571
2009.00,401.00,139516.00,2,3,37273
2003.00,887.00,183533.00,2,2,42506
1999.00,742.00,125105.00,0,4,49151
1996.00,216.00,99288.00,1,5,21581
2004.00,418.00,201408.00,1,4,12644
2012.00,1194.00,267439.00,2,9,14149
2005.00,173.00,261136.00,0,4,49581
2017.00,1040.00,111924.00,1,2,40966
1997.00,1341.00,247676.00,1,5,30574
2016.00,337.00,69306.00,2,1,26134
2019.00,695.00,260845.00,2,1,30456
2022.00,384.00,207254.00,2,3,32222
1998.00,1309.00,80023.00,2,5,14552
2009.00,1297.00,76485.00,1,5,19127
2022.00,540.00,43013.00,0,6,25625
2014.00,1298.00,43770.00,2,1,37653
2019.00,1118.00,250873.00,0,9,40105
2002.00,1129.00,285626.00,0,4,29506
2009.00,655.00,234408.00,2,9,25513
2011.00,260.00,144425.00,1,8,24719
2001.00,624.00,84696.00,2,5,18843
2018.00,848.00,255130.00,0,1,11480
2018.00,317.00,130096.00,1,6,39324
2012.00,861.00,52686.00,1,8,18217
2014.00,914.00,212680.00,0,1,20841
2017.00,732.00,60759.00,2,7,13396
2000.00,243.00,76192.00,2,7,24484
2018.00,686.00,54422.00,1,8,22613
2007.00,402.00,254213.00,2,7,29057
2004.00,973.00,176800.00,1,2,13003
2009.00,822.00,167766.00,2,2,11774
2000.00,463.00,102216.00,1,6,46262
2001.00,463.00,3020.00,1,3,21859
2017.00,1072.00,45722.00,1,1,31217
2017.00,302.00,210695.00,0,2,21015
2007.00,832.00,40226.00,1,6,12930
2011.00,660.00,159499.00,2,9,15507
2012.00,379.00,189209.00,0,6,44206
2021.00,987.00,126642.00,2,4,91388
2014.00,1332.00,107556.00,0,3,14285
2011.00,1342.00,151103.00,2,6,36734
2000.00,504.00,278356.00,0,8,18458
2020.00,405.00,102020.00,2,5,30264
2021.00,1394.00,68006.00,2,4,56285
2015.00,179.00,53218.00,1,0,47034
2007.00,787.00,129225.00,0,4,19258
2001.00,167.00,169309.00,1,3,34939
2019.00,1318.00,274116.00,2,8,22233
1996.00,1101.00,18467.00,1,8,32938
2000.00,153.00,81076.00,1,2,24871
2010.00,1324.00,170593.00,0,7,35455
2021.00,247.00,28917.00,1,1,16392
2009.00,719.00,298371.00,1,4,20441
2002.00,641.00,298097.00,2,8,12380
2008.00,732.00,75063.00,1,9,16543
2004.00,1363.00,5017.00,0,7,46208
2018.00,268.00,114763.00,1,0,25942
1999.00,1229.00,35910.00,1,1,46334
2011.00,1124.00,137935.00,2,3,83833
2012.00,1009.00,79754.00,2,9,114981
2001.00,1238.00,31229.00,2,6,29603
2003.00,625.00,21951.00,1,8,44595
2019.00,612.00,48276.00,2,7,32371
2006.00,455.00,224404.00,0,5,47382
2009.00,324.00,176941.00,0,9,12519
2015.00,1124.00,230181.00,0,0,42827
2009.00,698.00,200540.00,1,2,15616
2000.00,1304.00,94303.00,2,5,10811
2009.00,1135.00,174176.00,1,6,49264
1999.00,417.00,116528.00,0,5,11395
1999.00,817.00,66295.00,0,2,38319
2012.00,852.00,1302.00,1,4,29853
2022.00,1066.00,13958.00,2,0,38533
1997.00,914.00,141305.00,2,2,25390
2015.00,774.00,277966.00,1,7,15220
2022.00,824.00,102759.00,0,5,36009
2016.00,1128.00,143446.00,2,8,60778
2005.00,368.00,172722.00,0,4,39202
2013.00,1465.00,134281.00,0,2,13386
1995.00,225.00,12332.00,2,0,23334
2001.00,1291.00,89224.00,1,0,22957
1998.00,214.00,248099.00,0,2,46805
2006.00,1100.00,70820.00,0,8,33199
2016.00,512.00,143325.00,1,2,32482
1997.00,833.00,57510.00,1,0,25134
1995.00,733.00,290991.00,2,3,46424
1998.00,1125.00,51419.00,0,1,28112
2002.00,920.00,37924.00,2,5,34764
2005.00,706.00,201502.00,2,3,35096
2014.00,1442.00,235349.00,2,2,12280
1996.00,1382.00,70693.00,2,7,47119
2004.00,225.00,282301.00,1,8,35549
1999.00,1113.00,58690.00,2,1,22617
1996.00,1310.00,110638.00,1,4,32665
2008.00,1359.00,174689.00,1,4,49238
2007.00,170.00,101889.00,1,8,39151
2006.00,203.00,237782.00,1,4,23385
1999.00,1147.00,207393.00,2,0,20090
2001.00,942.00,96843.00,2,8,49125
2021.00,980.00,61711.00,2,2,38274
2010.00,264.00,157025.00,2,1,36919
2017.00,1112.00,36706.00,0,8,38003
2004.00,332.00,294015.00,2,1,33574
2018.00,303.00,211316.00,2,8,15964
2018.00,393.00,79974.00,0,4,11805
1995.00,445.00,172568.00,2,1,37924
2009.00,604.00,197158.00,0,2,48525
1997.00,839.00,176945.00,2,5,29369
2008.00,1029.00,90895.00,1,5,35303
1996.00,1434.00,219238.00,1,1,24945
2022.00,229.00,131774.00,0,3,39944
2022.00,415.00,228461.00,1,6,17846
2000.00,967.00,41283.00,2,3,28853
2017.00,1393.00,153805.00,2,9,23634
2008.00,1395.00,66074.00,2,7,58678
2022.00,1316.00,295256.00,1,2,33929
2021.00,333.00,123117.00,0,5,12241
1998.00,559.00,149738.00,0,6,25697
1998.00,317.00,6134.00,2,3,17892
2015.00,1338.00,141495.00,0,4,16603
2011.00,1240.00,224173.00,0,1,42370
1996.00,1359.00,117571.00,1,3,45459
2006.00,1085.00,88661.00,2,2,40124
2017.00,1160.00,40907.00,1,4,40370
2010.00,338.00,176880.00,2,2,29309
1999.00,824.00,240459.00,1,5,20219
2001.00,1265.00,246755.00,1,4,28722
1995.00,1393.00,2842.00,1,4,16507
2012.00,1080.00,259562.00,0,2,48441
2019.00,1069.00,276436.00,1,8,22615
1999.00,373.00,211662.00,1,9,15310
2005.00,676.00,212344.00,0,3,23282
2018.00,1134.00,113730.00,1,0,43762
2010.00,1380.00,137516.00,1,6,39291
1995.00,271.00,184475.00,2,1,18583
2016.00,1235.00,169607.00,2,7,19074
2020.00,361.00,226530.00,1,6,20386
1995.00,1088.00,298536.00,0,6,47464
2022.00,767.00,80149.00,0,2,24625
2005.00,548.00,232244.00,1,4,28861
2020.00,857.00,92746.00,1,9,46466
1995.00,689.00,222196.00,2,4,16157
2002.00,374.00,287945.00,1,0,40674
2002.00,664.00,248366.00,0,2,28365
2001.00,630.00,218508.00,0,6,49071
2015.00,790.00,170163.00,0,8,32157
1997.00,1075.00,122410.00,2,9,25112
1996.00,826.00,16496.00,0,1,16102
2002.00,666.00,1622.00,1,0,48451
2001.00,162.00,97638.00,0,2,32169
1997.00,843.00,55656.00,2,2,38435
2002.00,953.00,284540.00,0,2,46176
1997.00,1073.00,149354.00,1,7,30461
1996.00,362.00,27494.00,0,9,46575
2004.00,1340.00,296678.00,0,7,35634
2022.00,212.00,274194.00,1,3,16206
2001.00,1231.00,229016.00,2,1,24372
2000.00,591.00,251829.00,0,0,20303
2001.00,381.00,74971.00,1,3,14786
2015.00,345.00,23287.00,0,8,20325
2004.00,806.00,1730.00,1,1,22458
2006.00,266.00,124781.00,1,6,28957
2009.00,964.00,15851.00,1,4,42343
2010.00,495.00,74102.00,0,4,37381
2005.00,1173.00,257757.00,2,9,49430
2008.00,1211.00,180001.00,1,9,24577
2002.00,1293.00,58337.00,1,7,28460
2022.00,581.00,43082.00,1,0,36295
2000.00,1472.00,87218.00,0,9,14277
2016.00,660.00,5355.00,0,0,18016
1996.00,425.00,274207.00,1,6,49388
2022.00,678.00,154461.00,1,0,23137
1998.00,805.00,146165.00,1,7,36419
1999.00,1298.00,101404.00,0,9,48220
2006.00,714.00,57095.00,2,2,15122
2004.00,442.00,122099.00,1,9,32545
2011.00,283.00,99549.00,2,1,21277
1996.00,545.00,21667.00,0,3,43120
2008.00,425.00,140479.00,2,2,25798
2017.00,795.00,254427.00,1,0,13226
2012.00,794.00,107481.00,0,2,38566
2006.00,978.00,212317.00,0,2,48935
1999.00,1324.00,74226.00,2,9,47289
2000.00,1336.00,127425.00,1,0,22803
2017.00,1473.00,126679.00,1,5,36321
2006.00,573.00,291448.00,0,6,35153
2001.00,1243.00,167329.00,0,3,28440
2006.00,419.00,102453.00,2,8,28309
2006.00,657.00,3197.00,1,3,28269
2019.00,999.00,159330.00,2,7,20806
2017.00,857.00,234957.00,2,5,24232
2015.00,852.00,284958.00,1,7,33575
2003.00,181.00,22470.00,0,9,26624
2020.00,746.00,34940.00,1,5,36365
2016.00,209.00,293246.00,2,5,39838
2003.00,372.00,60354.00,2,2,33192
1997.00,1484.00,109186.00,0,2,46282
2015.00,675.00,153979.00,2,7,40075
1995.00,1104.00,222331.00,1,8,28708
1999.00,567.00,242425.00,2,0,23482
1998.00,530.00,99321.00,2,7,26665
2017.00,1115.00,106205.00,2,5,79623
1996.00,1160.00,11420.00,0,2,26012
2021.00,675.00,254541.00,2,9,39036
2002.00,1070.00,256838.00,0,9,28009
2002.00,759.00,111501.00,0,8,34130
1998.00,1211.00,246475.00,1,9,36951
1995.00,217.00,15996.00,0,5,32036
1997.00,385.00,155684.00,2,3,24729
2007.00,155.00,9781.00,0,5,16224
1996.00,840.00,236244.00,2,2,25202
1995.00,359.00,125711.00,1,6,10699
2017.00,985.00,95628.00,2,4,101435
1999.00,419.00,266735.00,1,7,37872
2005.00,350.00,252472.00,2,3,14729
2000.00,1005.00,134267.00,1,9,16356
2014.00,942.00,259915.00,0,0,36043
2013.00,936.00,77701.00,1,6,36952
2009.00,270.00,251278.00,1,7,39827
2022.00,644.00,48264.00,2,1,20337
1998.00,642.00,299985.00,2,8,39544
2004.00,1262.00,289178.00,0,1,23426
2001.00,1492.00,135139.00,1,6,41178
2009.00,1123.00,115571.00,0,0,24691
2015.00,239.00,35180.00,2,5,27870
2004.00,152.00,41979.00,2,0,25840
2004.00,419.00,290159.00,1,8,41645
2011.00,492.00,273750.00,1,0,41808
2022.00,715.00,224395.00,1,8,30466
2017.00,1073.00,82688.00,2,6,325587
2004.00,227.00,32653.00,1,0,25188
2006.00,308.00,55883.00,2,2,44470
2013.00,1035.00,237998.00,0,2,11410
2005.00,207.00,282166.00,2,6,36445
2006.00,831.00,62697.00,0,9,45132
1999.00,1370.00,296662.00,2,2,20059
2020.00,332.00,132605.00,1,2,48001
2012.00,204.00,293270.00,0,8,25551
1996.00,573.00,26230.00,2,9,25923
2013.00,1089.00,173503.00,2,5,27700
2007.00,1056.00,55500.00,2,8,74091
2002.00,1314.00,163758.00,1,0,45317
1996.00,391.00,181806.00,1,0,29956
2001.00,1219.00,163784.00,2,9,17732
2018.00,1354.00,47018.00,2,3,72697
2005.00,1219.00,30151.00,2,0,14205
2002.00,226.00,77657.00,1,7,22770
2016.00,1312.00,157895.00,1,8,44366
2010.00,1194.00,193549.00,1,6,26070
2015.00,421.00,240605.00,2,7,41022
1999.00,278.00,60451.00,2,1,17089
2018.00,400.00,142458.00,1,4,16027
1995.00,809.00,223644.00,2,3,45779
2015.00,1002.00,130370.00,1,6,16453
1997.00,309.00,30215.00,1,1,42011
2016.00,159.00,4797.00,1,3,38523
2013.00,1490.00,278909.00,1,8,35275
2006.00,626.00,204701.00,0,9,37240
2004.00,1497.00,149753.00,0,0,36633
2010.00,764.00,200816.00,0,0,30449
2004.00,747.00,132009.00,1,8,35653
2017.00,257.00,227811.00,0,2,11998
2004.00,454.00,147202.00,0,1,11958
2016.00,1026.00,139314.00,0,1,16428
2010.00,214.00,19943.00,1,3,16255
2006.00,1479.00,168029.00,1,0,40878
2009.00,433.00,64631.00,2,3,44337
2006.00,618.00,243361.00,2,5,45265
2006.00,695.00,192655.00,2,7,31801
2010.00,1380.00,296465.00,1,6,42794
1996.00,1236.00,205864.00,0,6,42370
2004.00,356.00,86480.00,0,7,22696
1995.00,830.00,211490.00,0,1,45043
2017.00,1372.00,59594.00,0,0,17514
2001.00,1026.00,33441.00,2,9,19868
2012.00,356.00,137442.00,0,9,36736
2005.00,620.00,125053.00,1,6,18756
2005.00,1297.00,123380.00,2,2,12738
2004.00,1331.00,63437.00,1,9,15562
2001.00,766.00,35007.00,2,7,27395
2008.00,751.00,76770.00,0,0,45222
1999.00,1495.00,129881.00,1,1,47726
1996.00,567.00,183308.00,0,8,26963
2019.00,719.00,229245.00,2,8,17822
2022.00,1476.00,170106.00,2,1,43543
2006.00,1251.00,183667.00,2,9,40134
2021.00,344.00,193413.00,0,2,22704
2021.00,1006.00,154322.00,1,5,18510
2017.00,959.00,280574.00,1,4,21033
2004.00,698.00,126032.00,1,6,37662
2022.00,1339.00,168202.00,2,2,35891
1999.00,773.00,187910.00,1,8,20453
2019.00,781.00,205672.00,1,2,14641
2010.00,1098.00,6931.00,0,6,33302
2017.00,153.00,248308.00,0,9,27444
2003.00,289.00,123915.00,2,9,45902
2022.00,1024.00,90003.00,2,8,293555
2021.00,853.00,210908.00,1,9,37625
2020.00,225.00,29982.00,2,2,37719
1998.00,881.00,38306.00,0,6,15947
2014.00,462.00,22943.00,1,7,37426
2020.00,1427.00,190515.00,1,6,27112
2010.00,1026.00,274105.00,0,9,30188
1998.00,648.00,47066.00,1,8,38920
1996.00,1406.00,31846.00,2,4,26031
2002.00,1338.00,169239.00,2,4,15408
2010.00,845.00,151409.00,0,8,37207
2017.00,1145.00,129459.00,2,2,41422
2018.00,201.00,25399.00,1,6,45570
2010.00,1027.00,17312.00,1,6,33364
2012.00,475.00,124321.00,2,5,26968
2001.00,603.00,166664.00,2,3,23992
2009.00,1258.00,257007.00,0,1,37523
2011.00,850.00,14193.00,2,2,30000
2014.00,366.00,28228.00,1,0,35132
1999.00,430.00,237144.00,0,9,27654
2011.00,1164.00,53693.00,0,3,24655
2008.00,1172.00,144052.00,2,6,117128
1998.00,1458.00,254243.00,2,0,20970
2015.00,915.00,159671.00,0,1,26191
1999.00,916.00,55915.00,1,0,46783
1997.00,629.00,22019.00,0,9,14123
2009.00,974.00,213332.00,1,6,17745
2007.00,1438.00,40208.00,2,4,109011
2000.00,918.00,88597.00,2,7,29737
2009.00,470.00,130631.00,1,5,48327
2004.00,1267.00,58808.00,0,9,43361
2003.00,196.00,71285.00,1,3,18449
2000.00,1086.00,229629.00,1,4,23430
2008.00,1314.00,147372.00,0,1,49587
1995.00,1387.00,34960.00,2,7,47502
2014.00,1249.00,255136.00,1,4,20560
1998.00,1072.00,182369.00,2,2,34021
1998.00,758.00,71384.00,1,3,34895
2020.00,564.00,264736.00,0,3,45062
2010.00,487.00,168148.00,0,4,16864
2009.00,1499.00,120569.00,1,1,10360
2010.00,1152.00,16676.00,0,0,15076
2005.00,586.00,122572.00,1,5,18344
2019.00,432.00,290319.00,1,9,45346
2009.00,614.00,296944.00,2,6,32241
1997.00,961.00,251740.00,1,3,20814
2015.00,1240.00,261996.00,2,7,17992
2019.00,206.00,113081.00,2,1,45651
1997.00,441.00,299926.00,2,3,34509
2011.00,1165.00,210545.00,0,4,31960
2013.00,592.00,81448.00,2,7,33594
2005.00,1172.00,227352.00,0,8,46084
1996.00,620.00,37170.00,2,0,32605
1998.00,935.00,262506.00,2,4,46800
1998.00,824.00,265835.00,0,2,48678
2003.00,1014.00,292846.00,1,2,23072
2004.00,842.00,59505.00,2,7,26214
2021.00,782.00,34592.00,1,3,38817
1997.00,1468.00,99685.00,1,3,14349
2001.00,1099.00,128460.00,1,8,15513
2014.00,814.00,174504.00,1,1,34024
2000.00,1424.00,17243.00,2,4,12581
2012.00,1120.00,247410.00,0,6,49465
2007.00,1311.00,289004.00,0,1,23018
2008.00,719.00,92453.00,0,4,16609
2001.00,154.00,172928.00,1,4,22875
2022.00,1393.00,239021.00,0,2,15465
2005.00,930.00,104718.00,2,0,14203
1997.00,391.00,142254.00,1,7,33209
2019.00,785.00,162629.00,0,9,38673
2006.00,1454.00,116148.00,0,1,17398
2008.00,1111.00,95383.00,1,4,17773
1995.00,668.00,21117.00,2,0,31131
2004.00,1051.00,198963.00,2,4,46095
2013.00,1315.00,270463.00,2,4,48862
2006.00,834.00,289233.00,2,3,25270
2015.00,1298.00,170833.00,1,9,38307
2002.00,1265.00,228722.00,0,1,25754
2007.00,794.00,50157.00,0,5,13574
2005.00,1361.00,143709.00,1,3,12976
2010.00,1388.00,189554.00,2,7,29757
2011.00,1216.00,201159.00,2,5,10526
2002.00,690.00,295729.00,1,5,16292
2002.00,1396.00,6176.00,2,3,17486

